incident_id,priority,arrival_time,assigned_vehicle_id,response_time
0,2,47,2,14.33
1,1,50,4,12.65
2,1,23,15,13.41
3,2,53,16,28.21
4,2,45,7,7.03
5,1,38,3,32.93
6,2,0,11,1.76
7,1,44,5,24.78
8,1,3,1,2.35
9,3,36,3,14.15
10,1,11,5,4.45
11,2,33,7,3.41
12,1,46,10,9.15
13,2,41,4,21.33
14,1,35,19,21.29
15,1,25,2,11.9
16,1,31,18,10.1
17,3,37,9,0.9
18,2,24,5,26.85
19,3,52,13,19.65
20,1,9,2,10.48
21,1,19,16,3.48
22,1,23,14,18.3
23,1,35,0,19.35
24,3,32,17,14.31
25,1,5,8,3.45
26,2,26,12,6.99
27,2,28,18,10.81
28,1,34,17,21.36
29,1,52,15,19.75
30,1,29,8,11.59
31,1,8,17,2.82
32,3,54,6,6.04
33,1,51,2,20.99
34,1,27,9,20.37
35,1,37,14,16.74
36,1,4,14,6.03
37,1,30,2,16.73
38,1,21,11,4.72
39,2,59,7,22.63
40,1,46,7,18.79
41,1,59,18,8.72
42,2,16,19,18.03
43,1,59,17,14.16
44,1,40,9,8.2
45,2,46,9,6.2
46,1,12,0,12.9
47,1,53,11,19.33
48,3,47,18,15.78
49,1,32,4,12.75
50,1,37,8,12.25
51,1,38,18,7.13
52,1,28,10,20.63
53,2,44,15,32.03
54,2,34,12,24.31
55,1,30,6,13.91
56,1,25,11,10.3
57,1,17,1,13.37
58,3,49,14,13.64
59,1,5,13,8.8
60,3,32,0,14.67
61,2,33,8,17.58
62,2,48,0,15.45
63,2,31,16,19.62
64,1,37,15,3.33
65,1,13,7,12.15
66,1,59,8,9.36
67,1,32,1,20.17
68,1,56,1,20.49
69,1,31,14,4.33
70,3,38,1,26.98
71,2,43,6,2.9
72,1,7,4,2.87
73,2,11,12,7.6
74,2,55,3,17.26
75,1,5,16,2.45
76,2,18,4,17.76
77,2,8,10,2.83
78,1,42,6,27.77
79,3,23,9,7.19
80,1,24,6,8.09
81,3,52,17,12.4
82,2,36,19,25.2
83,1,33,12,22.86
84,2,51,5,25.5
85,2,45,10,9.68
86,2,2,0,1.59
87,1,50,16,19.51
88,3,33,11,20.35
89,1,35,11,10.03
90,1,58,12,3.63
91,2,17,8,14.29
92,1,10,18,9.12
93,1,36,13,18.54
94,1,22,13,24.84
95,1,19,10,18.68
96,1,21,17,2.77
97,1,10,6,9.35
98,1,22,3,6.73
99,1,5,15,6.93
